Player,Actual_Y,Linear_Regression,MLPRegressor,SVMR,DeepNN
0,82.55913978,80.96838379,81.47432248,82.1210117,81.00771332
1,83.27659574,78.09411621,77.27389043,81.77389578,77.61936188
2,76.91935484,78.75332642,79.85231202,78.99441913,78.3373642
3,72,76.74462891,77.26740638,79.79014468,77.90100098
4,64.57142857,70.98193359,71.40916552,73.8119361,71.39607239
5,85.44117647,75.95117188,75.86676257,77.75314191,76.63608551
6,80.5,73.87896729,74.45868177,75.98362963,74.67331696
7,86.95061728,78.96960449,79.50277813,81.93254401,79.30873108
8,82.85294118,81.44827271,81.79790531,80.42538355,79.59580994
9,26,66.79537964,62.58333251,72.27203951,66.81994629
10,82.98630137,87.39718628,86.25285312,85.59548835,85.92295074
11,70.43333333,78.9677124,78.83889659,81.08917699,78.09085083
12,80.12820513,83.42214966,85.57744406,85.22933031,85.01844025
13,87.23404255,83.29083252,83.57729903,83.27435306,83.21360016
14,50,73.24935913,73.61534951,76.83535196,73.95096588
15,87.71428571,75.13308716,75.47951626,77.54733622,75.91700745
16,81.13043478,75.99401855,76.6780659,77.08381312,77.06481171
17,58.4,68.92352295,69.13514137,72.50345563,69.01076508
18,56,77.14141846,77.71514601,80.21794996,77.9841156
19,75,74.79553223,75.20802317,77.32183795,75.51860046
20,92.29807692,86.95065308,87.39877584,87.49267251,88.05007172
21,80.78947368,74.49591064,74.50498763,76.00378026,75.10357666
22,82.08988764,82.47705078,81.20360336,81.74084775,80.89928436
23,83.26190476,76.79187012,77.4411281,77.43660292,76.36555481
24,57.08333333,71.52368164,71.71829944,73.51584369,71.6798172
25,83.00943396,80.73681641,83.06584353,84.24798253,80.01011658
26,86.4,77.52630615,77.80294039,79.73701774,77.85649872
27,82.20833333,82.57757568,83.46245024,82.20837215,83.32440948
28,81,70.26040649,70.80852467,73.07608812,70.68141937
29,65.02702703,72.04833984,73.62959345,76.14925215,73.0578537
30,94.875,72.11325073,72.28448332,73.93724349,72.42159271
31,55.8125,71.62963867,71.66920619,73.90649541,71.60715485
32,86,72.33004761,72.67484608,75.08992905,72.87223816
33,81.47619048,77.71862793,76.94713543,77.26387347,77.02806854
34,62,68.87594604,69.03919717,73.40388338,69.43769073
35,79.23076923,76.05032349,76.22558598,78.68472624,76.67847443
36,72.5,75.34265137,74.00846213,76.15410601,75.07433319
37,70.94736842,72.74761963,73.06311009,73.88299721,72.38990021
38,86.06666667,77.06246948,76.23554748,78.48629126,76.2834549
39,82.04166667,75.37036133,76.78892578,77.59760989,76.18028259
40,85.73333333,85.32595825,85.68417857,85.04386771,87.37236023
41,91.50980392,83.42422485,84.46596827,86.20204871,84.58156586
42,93.5862069,97.49264526,96.28927032,89.8252853,96.56546021
43,77.71929825,79.51553345,81.04490019,79.83673807,80.34499359
44,78.42857143,73.6060791,74.32890452,75.61709391,74.34285736
45,83.65979381,86.47763062,85.67984278,83.10652001,86.31932831
46,74.9,74.17605591,74.38591765,75.43123202,73.59921265
47,67.61111111,70.91680908,71.39955005,73.4534252,71.31044006
48,76.67857143,70.85372925,71.11188711,73.4667396,70.61676788
49,82.20895522,80.69088745,81.17614263,84.17930306,81.6687851
50,66.90909091,72.26504517,72.57900083,74.69261458,72.97536469
51,65.33333333,73.79962158,73.37511131,74.92265524,73.75897217
52,82.67142857,86.51187134,87.51504046,85.31546244,87.45230103
53,73.85714286,73.89816284,73.88629813,75.57238807,74.11763
54,77.10769231,79.73910522,80.39993715,79.10690538,78.40778351
55,74.57142857,72.17050171,72.4397407,74.72716413,72.58087921
56,81.60416667,80.05761719,79.62678371,80.04445551,80.60318756
57,82.53846154,77.02346802,77.42312504,79.3411663,77.70454407
58,80.05882353,80.97775269,81.29342743,81.77634522,82.42014313
59,87.6,76.48800659,77.12148741,79.3965162,77.26944733
60,76.77419355,76.98001099,77.32753364,77.53626675,77.04555511
61,82.93103448,84.41073608,84.93175127,84.53338599,85.22214508
62,75.94117647,77.42459106,77.82412767,79.15277197,77.51527405
63,63.14285714,72.19528198,71.96422201,74.14716389,72.23859406
64,72.75757576,74.25793457,74.51609811,77.52806555,73.62499237
65,72.5,68.91497803,68.94149565,72.44237821,69.02973938
66,21,69.02731323,69.38033112,72.7712724,69.33144379
67,34,69.63433838,69.90602724,73.35094753,70.04872894
68,54.5,73.60284424,73.99820325,75.98691295,74.14562225
69,81.1875,74.28009033,74.05214567,75.41859764,74.75034332
70,84.8,75.90628052,75.76323561,77.58605245,76.28275299
71,93,87.21191406,86.90730636,85.71817078,88.19758606
72,80.64893617,86.35845947,85.332652,83.54882886,85.35932159
73,81.06976744,86.00463867,85.5177457,86.69912199,82.31903839
74,80.08,79.35308838,78.84655019,80.34388561,77.02263641
75,87.79090909,79.40298462,81.74539771,84.6899114,84.56555939
76,73.75,69.8321228,69.91531003,72.93146886,69.68677521
77,64.88888889,72.35635376,72.24499432,74.50861748,72.6238327
78,67.71794872,72.61480713,73.0819499,75.20927419,72.17629242
79,82.97674419,85.95944214,85.61349093,82.99171262,85.72085571
80,70.39473684,74.06903076,74.73999176,76.63367381,74.68000031
81,80.64516129,84.01077271,84.18467261,82.54573183,84.29821014
82,81.72727273,77.21420288,77.86312823,79.1827543,78.1840744
83,81.59183673,72.68029785,73.42925281,76.16179438,72.02725983
84,54.14285714,71.90527344,72.24998749,73.8964884,72.24663544
85,77.54411765,83.92449951,84.16934268,82.23747037,83.25315094
86,92.42268041,87.27529907,88.07776846,88.95422936,87.81944275
87,65.75,74.08465576,74.22489534,76.66117831,74.64070892
88,74.72727273,74.24813843,74.49928594,75.84564188,74.78200531
89,75.1509434,77.76126099,77.73499942,78.23685888,76.74118805
90,84.48148148,77.62915039,77.1761612,77.28881211,77.97450256
91,92.2,76.51223755,77.72198906,79.22285544,77.34503174
92,87.57627119,84.7102356,85.40808338,84.65055608,86.10181427
93,86.71559633,84.69003296,83.29295706,85.16437086,85.82192993
94,74.2,73.77044678,74.03686436,75.23115884,74.11927032
95,84.89344262,83.47024536,81.20599241,84.89339921,86.56468201
96,83.52941176,76.02444458,75.97502209,76.76313282,76.30474854
97,86,74.50244141,74.86305525,77.21589028,75.23070526
98,85,67.28839111,67.42475594,72.31492657,67.07914734
99,77.70588235,82.90325928,82.02717414,81.1803141,82.33144379
100,85.52380952,78.35855103,77.93232872,78.57935027,78.83760834
101,94.9047619,97.13519287,97.30540236,91.34845212,98.04886627
102,84.52252252,81.48519897,82.89702507,84.41634851,84.40471649
103,79,69.67733765,70.0195872,73.11273163,70.03676605
104,89.10126582,90.73736572,90.79953435,90.88666566,91.78821564
105,75.97222222,75.62765503,76.88062217,76.87386513,76.36702728
106,79.10377358,82.99905396,83.85818882,83.35049761,82.52523041
107,73.66666667,72.33248901,71.51431012,73.3990782,71.83547974
108,78.75961538,90.13088989,88.10620988,83.13647485,86.82332611
109,76.5,74.90759277,75.59466987,77.08642496,75.50237274
110,70.27272727,73.11819458,73.00387002,74.25190694,73.28424835
111,73.14285714,70.43783569,70.66377154,72.75114749,70.51509857
112,42,71.22076416,71.36706921,73.88135304,71.49187469
113,88.9,83.62265015,83.43422423,83.60289382,83.76845551
114,74.75,72.23730469,71.94693273,75.80163547,71.88169098
115,70.33333333,77.23867798,77.99832029,79.87306358,77.6772995
116,46,69.59112549,69.97091593,73.43250257,69.94406128
117,63.025,71.09164429,71.13899276,73.8707178,70.6498642
118,87.50666667,88.41424561,87.46452529,84.17838211,87.68653107
119,67.93442623,78.16052246,78.88712638,80.4910515,78.2546463
120,71.25,76.84411621,76.83847769,77.3238074,77.82731628
121,82.57692308,72.72528076,73.4775343,74.94870362,72.96253204
122,77.86486486,81.33416748,80.17732037,81.50065293,80.5794754
123,83.62037037,88.61660767,85.24648914,83.62050912,84.73316193
124,73.07462687,79.17636108,80.42264562,80.0259846,79.7125473
125,81.51282051,83.931427,83.23046709,84.74431096,84.18334198
126,80.94736842,80.14440918,79.69692404,80.46446289,79.26222992
127,64,72.66879272,73.19878037,75.06341025,73.20615387
128,88.45901639,88.04644775,86.74140314,88.45927062,88.30763245
129,73.46666667,70.35089111,71.0864856,73.28099908,71.07582855
130,48.95,71.12966919,71.59707302,74.15803732,71.42418671
131,68,73.00793457,73.60393939,75.78150075,73.74988556
132,77.85,78.11828613,78.12794017,79.79225664,78.16178131
133,86.28301887,79.03939819,78.18666598,78.93020174,77.67123413
134,91.42718447,94.98480225,94.88946863,91.20281325,95.89361572
135,58.76923077,74.02560425,74.52606283,76.74622289,74.89155579
136,77.85365854,73.83700562,75.28872483,76.63253558,74.03807831
137,79.05128205,75.26464844,77.10292418,81.18421476,75.26259613
138,82.15873016,80.02450562,79.97745236,79.65106317,77.89881134
139,88.34545455,95.72103882,93.82861635,86.67129918,94.31957245
140,86,79.33679199,79.35297426,79.94128873,79.96842194
141,76.54736842,82.54922485,81.07434078,83.44144022,82.42176056
142,79,75.84988403,76.22237346,77.97961119,76.50754547
143,86.3,77.63064575,77.66537438,78.36142434,77.53961945
144,84.39759036,83.02203369,81.6707625,82.10344076,80.85112
145,91.78873239,94.56832886,93.90099917,90.4054385,94.94139862
146,84.29113924,82.99319458,83.26465927,84.19506022,85.24990845
147,42,70.17303467,70.41237471,73.50787854,70.44732666
148,80.8125,73.31161499,73.50675983,74.38928036,73.78118134
149,87.23529412,92.68093872,88.71989618,84.48186095,89.58598328
150,77.25,71.13900757,71.52153941,75.2242521,71.37083435
151,79.94936709,77.74517822,79.27468372,80.26328011,77.92591095
152,70.27659574,77.08810425,76.11723635,77.6016357,76.97768402
153,94.91666667,77.96380615,78.39937493,79.17325085,78.78945923
154,76.95,74.86914063,74.78341993,75.55105237,75.36974335
155,87.91891892,81.54150391,81.20967782,81.69610992,81.93470764
156,90.86666667,77.12573242,76.88075298,78.26715725,75.69291687
157,86.5,70.12832642,70.38197812,73.34145547,70.41841125
158,60.21052632,73.03515625,73.6467291,74.92110994,73.51516724
159,86.04273504,80.50897217,83.20865468,84.51305522,84.92875671
160,74.61111111,69.90170288,69.53200148,72.46851127,69.54111481
161,85.46728972,82.26800537,81.07085194,83.14567322,81.58374023
162,83.82978723,79.86618042,78.99419649,81.54209095,79.5409317
163,75.57142857,78.73699951,79.00230313,83.89548873,79.85109711
164,81.30769231,75.80374146,76.52051797,78.32349247,76.68657684
165,70.5,71.31665039,71.85270042,74.06476029,71.69077301
166,76.90625,76.28149414,76.96669625,79.9189158,76.49306488
167,20.5,70.97171021,71.31701895,73.91802132,71.40285492
168,77.11764706,71.04837036,70.38750605,74.62806997,69.56572723
169,82.2745098,81.12954712,81.57566165,82.64907648,82.16062927
170,86.44565217,84.13806152,83.08697536,84.11670886,83.68774414
171,86.25,77.07382202,77.31096516,79.57877257,77.19803619
172,88.61458333,84.60256958,84.64125029,82.5842981,84.04381561
173,75,69.10961914,69.50306678,73.00907952,69.37406158
174,85.37037037,77.5892334,77.92714334,79.54268018,78.05778503
175,77.76388889,79.10253906,78.63310925,81.53035459,78.59381866
176,90.05882353,89.43099976,90.46785224,88.22788603,88.3030014
177,94.72727273,76.52307129,77.16594218,78.67921655,77.28962708
178,76,72.08322144,72.70791988,74.99523012,72.75144196
179,89.44444444,84.50012207,82.68242883,84.61704624,83.84445953
180,69,70.71514893,70.70144283,73.41511268,70.91962433
181,83.66666667,80.43212891,80.72439233,80.73332384,81.46688843
182,77.71428571,75.9309082,75.85254306,76.29250121,75.83422089
183,72.26666667,77.06622314,77.57787002,80.03294428,76.55846405
184,81.57894737,83.94714355,84.2209194,83.69373004,84.66766357
185,79.72131148,82.2333374,81.21437329,79.89936894,82.3719635
186,87.2,74.57266235,74.42737102,75.19917848,74.59770966
187,75.5,73.29165649,73.39513997,75.24654134,73.63793182
188,76.91666667,69.35153198,69.33795474,72.48162876,69.12407684
189,88.6,74.81118774,74.84682707,75.93796459,75.25616455
190,92.01351351,87.89221191,89.73840443,90.92439103,89.86399841
191,84.30701754,83.34991455,87.57138732,84.30751215,85.64431
192,77.91428571,79.69351196,79.89574888,80.5950914,79.51475525
193,70.11111111,70.2628479,70.65439694,73.86430187,70.72115326
194,77.47945205,75.29321289,76.21549577,79.10955208,76.48079681
195,79.05309735,79.05715942,78.41783559,82.46468316,78.76235199
196,86.45,78.68389893,78.58594016,80.70276545,79.52723694
197,81.59259259,73.04330444,72.87550732,75.37639279,72.96147919
198,69.61702128,77.28845215,77.19582282,77.98462244,77.93005371
199,80.85,74.28128052,73.49668164,75.1756778,74.3939743
200,82.27659574,80.02706909,79.83360168,79.70725451,81.01102448
201,68,70.7734375,70.83295284,73.20834073,70.96163177
202,91.10344828,91.82104492,90.18556045,89.29680514,91.48799133
203,90.36,83.45578003,83.15749237,84.70743489,83.83086395
204,64.15384615,70.40820313,70.53069612,73.43248266,70.11049652
205,83.17592593,80.70675659,83.80107604,84.02979789,81.79813385
206,93.96261682,100.4255371,99.58990307,90.16039993,100.2831802
207,81.16666667,75.15826416,75.54665453,77.70200159,75.86095428
208,81.62025316,86.12088013,84.95090859,83.20280888,86.13904572
209,89.11764706,73.23983765,73.56724358,75.74755284,73.51885986
210,66.5,70.87005615,71.38774254,73.8039448,71.39191437
211,75.25,69.91967773,70.28518088,73.25608571,70.23787689
212,86.21238938,84.03009033,81.55964852,85.43732489,86.2767868
213,83.66019417,80.07406616,81.91608013,83.00630908,80.13506317
214,90.61904762,94.36935425,92.47434807,89.16288418,94.37490845
215,78.11009174,80.20449829,81.20963267,82.1557018,80.9140625
216,80.425,78.506073,79.8080165,81.23666116,79.58873749
217,78.94,75.90463257,76.75646322,80.89705739,76.58466339
218,79.3125,69.52331543,69.69689825,73.26619747,69.94544983
219,81.1875,79.58853149,79.48682192,80.2900881,79.72598267
220,90.46153846,71.26196289,71.25083224,74.13101681,71.5247879
221,78,73.57128906,73.95760739,76.19377305,74.14025116
222,86.83783784,77.61065674,77.40587814,79.72705103,77.90084076
223,78.84482759,77.06765747,76.07062524,78.92394007,76.03061676
224,81.6,87.9703064,85.65310921,83.730677,87.70650482
225,81.93589744,82.00662231,80.87823004,80.75080685,80.33917999
226,83.30693069,85.54522705,87.11786526,83.6563905,86.82575226
227,82.43589744,85.04107666,85.72785431,85.45079531,83.41750336
228,70.5,70.33462524,70.58174943,73.00562198,70.48683929
229,32.5,71.10708618,71.34594974,73.87448162,71.34488678
230,93.67741935,84.58163452,84.07030419,82.06708238,84.51210022
231,81.22580645,77.25189209,77.8633039,78.87416159,77.74388885
232,86.62637363,89.67834473,89.50156577,86.81339398,89.32481384
233,74.5625,70.83584595,70.79401921,72.71672512,70.59199524
234,78.63302752,80.81866455,79.87364023,82.92115376,82.31819153
235,76.74509804,75.87591553,79.70898789,82.79345844,78.49655151
236,84.74509804,82.46368408,81.16873787,85.68431161,80.9822464
237,85.72727273,77.57543945,77.65651213,79.17019907,77.88865662
238,69.66666667,67.62457275,66.73716869,72.21679809,67.54064178
239,77.57142857,74.79653931,75.08869946,76.158152,75.18331146
240,81.71084337,81.36962891,81.80004611,81.1939079,81.55802917
241,75.34545455,74.42678833,74.86493774,77.69136133,74.72732544
242,76.20289855,76.53491211,76.50528353,79.68736761,75.82256317
243,57.33333333,69.8671875,70.16825938,72.9202956,70.18930817
244,72.77966102,75.92532349,76.89318642,78.52339384,77.01766205
245,78.22368421,79.34329224,78.68368703,81.24509231,78.41038513
246,67.925,74.82589722,74.99184899,76.80593506,75.48947906
247,71,73.38757324,73.32294483,75.06503022,73.45362854
248,80.80555556,77.87728882,81.19509279,80.01895395,77.92154694
249,75.3125,75.32940674,75.43758941,76.14813521,75.6495285
250,83.89908257,81.47567749,81.07684871,83.04947372,81.69889832
251,84.53333333,79.3890686,80.78387656,81.18632712,80.56318665
252,32,71.81307983,72.07903332,74.67411809,72.21244049
253,75.75,71.9571228,72.83587405,75.71198996,71.81156158
254,70.33333333,72.06170654,72.27305283,74.2028049,72.37739563
255,50,73.63153076,74.02368502,76.18136837,74.32972717
256,50,76.81997681,77.3080492,79.67645689,77.73101044
257,73.83333333,73.88027954,74.09538667,75.70952964,74.49268341
258,90.31578947,83.63000488,82.9703042,82.45355797,84.1322403
259,79,71.31756592,71.59794343,74.19301197,71.66872406
260,84.79710145,77.68649292,78.04671344,80.22092947,76.49645233
261,78.83333333,71.97644043,72.18109197,73.53194061,72.30253601
262,44.5,70.97836304,71.3287405,74.03498856,71.38948822
263,76,70.30368042,70.39437858,72.62521946,70.17462921
264,79.70754717,82.55560303,86.2121071,85.14871028,83.7525177
265,85.33333333,73.14865112,72.79467416,75.13123501,72.8481369
266,74.9047619,73.37997437,72.39926134,76.78728781,72.5147934
267,78.14285714,76.68188477,76.88777651,77.943842,77.39842987
268,56,69.17861938,69.41996786,72.65185537,69.25830078
269,74.30107527,79.05142212,79.34898605,81.56382351,77.91487885
270,84.77192982,88.63717651,90.45258133,84.03894057,88.85764313
271,84.62280702,81.81039429,79.9497458,84.62276243,84.88932037
272,84,81.21551514,84.52768714,84.00020126,83.95001984
273,82,75.54101563,75.77871615,76.7270847,76.08744049
274,64,68.54721069,66.51624465,73.78231894,68.91239929
275,85.18681319,87.5291748,85.6319148,83.88451748,86.84975433
276,85.80208333,94.02420044,95.92361166,89.79259094,92.76259613
277,76.88888889,72.96878052,73.56055479,75.93063483,73.70050812
278,53.46666667,65.57290649,60.61213411,72.38484995,65.61037445
279,70.875,70.22540283,71.01466445,73.09070959,70.50423431
280,78.44736842,74.61654663,75.32988445,78.59902704,74.95423126
281,75.88235294,84.36309814,84.05194321,81.45319194,84.36833191
282,83,72.62799072,73.13229802,74.66691034,73.09836578
283,90.05504587,86.38339233,85.49560176,86.70303072,86.35803986
284,83.859375,84.91751099,83.75481328,84.95571216,85.22068024
285,58.27272727,70.78466797,71.34980405,73.55978141,70.99849701
286,83.82051282,73.08676147,73.83468047,77.00596087,73.00773621
287,76.14705882,70.90335083,71.30952293,74.42112899,70.75525665
288,78.69512195,81.75106812,81.40149543,81.64287971,81.43791962
289,86.31944444,80.90200806,83.61184136,86.85457448,82.39468384
290,83.98305085,83.36001587,83.1100349,83.62550974,82.30278778
291,68.22727273,70.92941284,72.11826892,74.84794977,70.60702515
292,78.18,76.82116699,78.25202195,81.65342253,76.61145782
293,89.2,88.63522339,88.92641926,87.80597548,88.97599792
294,80,85.48049927,85.89557577,81.55802097,85.11723328
295,77.3,78.19815063,78.17607995,80.2005411,78.95270538
296,78.48051948,82.34963989,82.22072303,81.46515673,82.19798279
297,78.82051282,77.62442017,77.66230666,79.35931974,77.99916077
298,88.20689655,79.40185547,79.18849972,80.6655686,80.11249542
299,97.31132075,115.0453796,114.4537467,89.26048757,114.7746124
300,79.08641975,78.56066895,77.89764731,80.8571485,77.64170837
301,62.2,70.45120239,70.97879858,73.16365039,70.91954803
302,88.84375,92.5435791,93.62625562,88.37273472,92.38231659
303,64.46428571,73.71972656,74.9331812,76.22541767,74.32240295
304,83.55140187,84.1628418,82.25826528,81.81316159,81.80467987
305,87.87096774,91.06088257,89.92802821,87.48412518,91.36170197
306,79.77142857,78.49636841,79.02634357,81.03319719,77.02008057
307,36,68.58047485,68.491088,72.61313179,68.73288727
308,77.53333333,82.2131958,82.79088478,83.50094208,84.58171082
309,75.11290323,78.70266724,79.57225275,79.35481377,79.59914398
310,88.97457627,87.95175171,84.99374005,84.30036892,85.68695831
311,86.55223881,86.80270386,86.0893557,85.26400473,87.59051514
312,80.3,79.25817871,79.22058993,81.82431841,79.13604736
313,83.15942029,81.34008789,80.46447165,80.4934331,80.89915466
314,79.6,80.15234375,80.06172489,81.67694506,78.33797455
315,84.39252336,81.70388794,83.15575804,83.41807011,82.08985901
316,71,69.32830811,69.64343715,72.72300402,69.50296783
317,86.5045045,88.9574585,88.45217907,84.29019538,88.91757202
318,87.85526316,82.91134644,81.11539604,83.43205442,84.37430573
319,73.2688172,78.46801758,76.83090281,80.23945055,76.50299072
320,91.16129032,84.06713867,83.30220984,85.63078218,83.92086792
321,67.6,73.71932983,74.42108051,75.64332993,74.3132019
322,71.9375,70.39654541,70.48673458,73.21832401,70.29784393
323,67.69230769,72.30490112,72.88617109,74.74465552,72.73993683
324,81,68.47885132,69.02990259,72.44826314,68.79644012
325,93,77.30737305,77.69038216,80.29403291,78.17829132
326,69.5,70.21008301,70.33494477,73.06284126,70.31746674
327,75.66666667,77.91870117,77.74456373,79.12341166,78.39411163
328,81.33684211,89.77154541,89.36166184,84.50137539,89.43869019
329,84.72413793,79.13146973,79.42280537,80.28852734,80.01113129
330,68.57142857,75.14855957,75.56799093,77.46590471,75.85755157
331,81.42352941,82.2947998,84.80672745,85.60465672,83.46672058
332,62.31578947,69.94482422,70.48184912,73.28020012,70.25096893
333,63.5,73.35076904,74.19777615,76.13161202,74.1778183
334,74.5,69.27444458,69.6668617,72.88040734,69.59264374
335,58.25,73.24487305,73.47702702,75.7727527,73.74664307
336,82.40983607,81.73464966,81.58461175,83.74838616,81.82636261
337,77.18518519,72.57025146,72.73343447,74.2622478,72.56439972
338,82.05785124,82.88186646,80.94041537,83.73795735,85.08512878
339,78.03225806,79.03375244,78.40588563,79.64431476,78.62417603
340,92.30379747,93.18856812,92.17543115,89.92664191,93.18804169
341,68.58823529,72.66052246,73.14751145,75.24345695,73.09983063
342,63.6875,73.28442383,73.72837094,75.54517853,73.56270599
343,70,72.45837402,72.91200502,75.11567696,73.07306671
344,72.24528302,76.14208984,76.87689711,78.67988311,76.84304047
345,85.73809524,80.76193237,81.40344983,84.3049626,81.0424118
346,82.86206897,82.26004028,82.99466099,84.37899618,82.65052795
347,89.44827586,80.09042358,79.9434774,80.51641303,80.56616974
348,86.7755102,83.36987305,84.17363328,84.10391097,84.12425232
349,82.53012048,80.24627686,80.32001207,82.66092261,79.76583099
350,80.27184466,76.12493896,83.13913269,83.24631272,82.9733963
351,74.88235294,73.61984253,74.03487464,75.77542296,74.64192963
352,83.5443038,84.95495605,85.18065236,86.51016585,84.95006561
353,73,77.8934021,78.12579373,80.15617143,78.72988892
354,90.92307692,87.6270752,87.17032236,87.26920712,88.00925446
355,81.6,69.79934692,69.87631376,72.90984429,69.92740631
356,90.5,78.45068359,78.44980601,79.3793745,79.04040527
357,72.8125,76.80871582,77.3614111,79.69377907,76.15721893
358,37.8,67.15698242,64.57926847,72.18367132,67.31401825
359,91.05,78.83224487,78.84203246,79.34343707,79.49759674
360,92.85714286,77.22546387,77.0064613,78.16891349,77.37407684
361,80.68421053,81.58270264,81.38733269,83.17051655,81.20961761
362,72.71875,74.88021851,77.97435411,79.61150831,76.07338715
363,79.65517241,70.48483276,71.14335997,73.48832703,70.55478668
364,78.80519481,78.15457153,78.73699328,80.70325189,77.7151413
365,84.83870968,76.30178833,77.1464791,78.25913964,76.9970932
366,74.5,73.87619019,74.32042149,75.06565277,74.35381317
367,64.5,71.01895142,71.44948679,73.95795592,71.52841187
368,44.55555556,72.84695435,73.44954519,75.25639452,73.36113739
369,59.36842105,74.42745972,74.39669546,75.70898062,74.73668671
370,84,69.27618408,69.58736785,72.89647035,69.51462555
371,69.98,74.98516846,75.29019271,77.03025175,75.51649475
372,85.80412371,86.52227783,84.85487611,82.71969266,85.74543762
373,80.046875,77.61459351,77.09370048,80.58192668,77.29800415
374,80.37931034,74.19342041,75.42029379,76.67900881,75.19876099
375,74.83333333,72.43618774,72.41357368,74.19461139,72.54538727
376,83.55555556,72.46008301,72.92738778,75.14326646,72.99153137
377,75.33333333,76.45483398,76.99926135,79.15728068,77.12996674
378,87.5,74.89175415,75.23971932,77.15028112,75.50787354
379,89.54545455,85.97537231,85.04553662,86.58196246,85.57404327
380,76.56,80.4468689,79.94005937,81.1371914,80.09768677
381,59.19230769,73.5765686,74.51949421,75.24416559,73.75595856
382,90.49,90.55581665,89.49263171,84.5891406,88.52935791
383,80.47747748,90.75430298,88.61231088,84.66675091,88.04291534
384,43,70.52133179,70.68577431,73.53239514,70.74358368
385,90,71.51812744,71.82347088,74.70787643,71.92290497
386,79.52380952,71.22573853,70.68757805,73.96668338,70.95050049
387,75.5,71.46960449,71.6159751,73.64741235,71.68361664
388,77.93684211,75.72033691,76.94632631,81.18456578,77.63684845
389,92.14285714,90.02133179,92.09906746,89.18347105,90.99880981
390,75.61538462,72.36828613,72.79628142,74.61673385,73.16411591
391,63.12,80.79107666,81.01570591,81.65869899,78.95749664
392,76.02777778,72.00515747,71.31535804,74.10382738,70.89749146
393,81.53488372,84.83535767,83.65955634,82.66920777,85.30535126
394,87.45918367,90.35025024,93.29698253,88.44700173,91.42883301
395,74,71.74395752,72.19538348,74.37296899,72.19678497
396,82.08888889,78.92974854,78.67687672,80.56084254,79.58757782
397,84.98529412,87.11935425,87.76205276,88.14578636,87.95059967
398,77.33333333,74.61123657,75.17075244,76.00249578,75.70766449
399,76.36842105,71.84100342,72.58963071,74.41031993,72.28954315
400,79.40740741,80.60842896,80.86643618,82.39200545,79.96881866
401,80.75,77.78439331,77.78274839,79.27739776,78.37659454
402,90.91666667,75.13476563,75.08297269,76.19522747,75.58997345
403,97.03603604,107.2312927,107.2674847,88.47758284,106.1272202
404,90.86956522,83.15084839,82.52777156,83.89223122,84.06956482
405,61.63636364,70.38467407,71.23966023,73.82902084,70.8335495
406,63.42857143,71.4251709,72.18475132,74.79608664,72.16986084
407,83.33823529,85.69900513,86.62757157,83.19420667,86.87735748
408,73.96,75.59222412,76.53202057,77.23962853,76.92557526
409,80.6,81.0368042,80.42308617,81.8684453,81.71961212
410,96,73.08267212,73.34739365,75.25014043,73.46879578
411,89.7173913,86.31521606,85.14730192,85.98179533,86.20757294
412,85.01428571,84.46765137,84.05832827,84.2880743,82.536026
413,79.125,73.59353638,73.89257782,75.62917749,74.14179993
414,84.82568807,89.28067017,89.29271947,84.35540782,88.32998657
415,79.78461538,76.12136841,76.45743722,79.78435294,75.30857086
416,87.05660377,87.63821411,86.73227937,87.51457698,87.45409393
417,87.7761194,81.84390259,82.49554354,81.2276928,82.30767059
418,79.34090909,76.53540039,76.02034697,77.01659952,75.54193878
419,82.3125,72.23782349,72.00208439,74.71102169,72.35178375
420,82.86956522,81.51919556,81.08596063,81.78060059,81.53774261
421,84.66666667,86.58831787,85.48283916,83.44006447,85.7689743
422,65.5,74.93252563,74.73736699,76.75829359,75.30379486
423,77.69620253,79.49200439,80.24872493,80.95497778,78.69715118
424,82.85714286,73.46282959,73.83736527,76.33284687,74.13722992
425,81.7125,84.88473511,85.46454555,84.17362796,83.68461609
426,79.40909091,73.02328491,72.88262002,74.76349386,73.37082672
427,75.70588235,69.62832642,69.35961923,74.45806384,68.79771423
428,75.2,70.99807739,70.83043722,73.13050169,70.93045807
429,84.7628866,95.0269165,92.56425905,86.48870924,94.20609283
430,79.67105263,78.40386963,74.39697199,78.28366479,76.02877045
431,79.19047619,76.2043457,77.14742299,76.95778613,76.49812317
432,69.57142857,76.04312134,76.21809726,76.39587983,76.51264191
433,82,68.95916748,68.79116115,72.51506423,68.86992645
434,71,77.5105896,77.69356312,79.78526268,78.43294525
435,92,75.8684082,76.03007213,77.64252463,76.45431519
436,79.73529412,81.1164856,80.75921355,81.27812176,80.61069489
437,79.88095238,75.86514282,76.90376903,78.52846957,76.85660553
438,92.09210526,89.22216797,88.73795095,88.56054863,89.57686615
439,81.14705882,80.21401978,80.01529877,80.32935443,80.52301025
440,61.46153846,69.90939331,70.38060528,72.82841783,70.37384796
441,63.5,73.14682007,73.41320489,75.35155259,73.63620758
442,62.42857143,74.33325195,74.75758061,76.10678321,74.5223465
443,79.27272727,72.34707642,71.93250709,77.20246031,70.65840912
444,91.80612245,92.80081177,92.68760425,88.76131979,92.37841797
445,82.15,74.9307251,74.21321659,75.42858066,74.28462219
446,87.27956989,86.82516479,87.50923241,87.28012153,84.66940308
447,93.05555556,76.59985352,77.16936742,78.76334917,77.51207733
448,63.8125,74.01116943,75.0255873,75.80600614,74.44117737
449,76.72413793,75.65542603,78.74332315,80.923395,76.71756744
450,60.2,75.03067017,75.30883129,77.82278509,75.68643951
451,94.32352941,108.0344543,107.9083597,90.31667737,109.2161407
452,85.26923077,87.26934814,87.45390152,87.73040638,87.96832275
453,81.61538462,78.57345581,78.9482114,80.85279278,78.45836639
454,90.13333333,97.35369873,96.27064495,86.47754751,96.72734833
455,70,71.54647827,72.01924391,73.49403596,71.79546356
456,80.88709677,75.46368408,77.19437454,78.79531424,76.05950928
457,72,71.62521362,71.92182241,74.2849653,72.05042267
458,64.66666667,67.33349609,64.03570619,72.26059137,67.308815
459,86.05555556,81.16113281,80.98128682,81.86380848,82.26703644
460,62.4,70.63516235,70.87817081,73.44060914,71.0196991
461,71.53846154,79.18588257,79.38777584,80.90732011,78.46456909
462,70.63636364,73.19250488,73.15875898,74.56911446,73.45716858
463,87.21333333,86.64422607,87.00608003,86.85033727,87.21147919
464,88.9375,78.05166626,78.59138654,79.43557557,79.29486847
465,79.5,76.71725464,77.33845338,79.86322017,77.44463348
466,86.48275862,82.74359131,81.77234347,83.53997618,83.20575714
467,87.92592593,86.62963867,86.36346727,85.64575752,87.20001984
468,83.72340426,76.96551514,76.72258891,78.04350993,77.43955231
469,78.58,80.16851807,80.65002638,80.79597776,81.40124512
470,82.75324675,85.39239502,84.8886947,83.32440108,83.58019257
471,79.8,82.61248779,84.12799712,85.05712397,83.12220001
472,89.45714286,94.05938721,96.99051589,87.20724239,93.86293793
473,84.02777778,84.87463379,83.99981199,83.20914513,83.11634064
474,69.08333333,72.49255371,73.55329239,74.23730382,72.91739655
475,73.6,70.98010254,71.07962755,73.54956226,71.33386993
476,80.03448276,69.51858521,68.80980573,73.67915962,68.42567444
477,81,71.16247559,71.92972123,73.42708706,71.68100739
478,64.06382979,72.22512817,73.94157448,77.28069693,72.58000946
479,90.78947368,82.9833374,82.81765292,82.63243289,83.87407684
480,88.57142857,74.6451416,74.72300014,76.76003002,74.93688202
481,76.68965517,77.94647217,78.60183029,78.06518988,78.31525421
482,65.89473684,72.94665527,72.92558317,74.08243132,72.97609711
483,83.43859649,83.14016724,82.35208855,81.61083713,83.36759949
484,86.5,76.95565796,77.32621251,79.5467788,77.59023285
485,85.92105263,80.58496094,80.80880915,81.34596885,81.04465485
486,88,75.50332642,76.19076792,78.75680282,76.54514313
487,87.03125,77.21060181,76.1154644,76.94308965,76.84685516
488,83.79104478,75.40731812,76.325348,79.55187452,75.380867
489,74.3877551,76.36135864,75.98127053,78.02227251,75.39780426
490,69.11764706,69.29586792,69.43233524,72.65785976,69.37123108
491,73.53846154,74.60635376,75.55037822,74.50767781,74.17728424
492,86.4,73.99734497,74.1807338,75.94493697,74.53948212
493,69.5483871,75.88415527,75.73554828,75.86508055,76.1167984
494,84.0733945,80.97805786,80.67367968,83.75944363,84.07398224
495,70.11111111,71.81137085,71.95670005,73.84003415,72.2035141
496,79.11111111,77.89642334,77.97977199,79.93001502,77.90225983
497,77.45454545,73.96130371,74.401001,76.09047626,74.73012543
498,73.64285714,73.38427734,73.50766003,74.88127378,73.67894745
499,73.88135593,75.056427,74.56031082,76.95628689,74.85712433
500,85.14423077,88.978302,91.11008211,85.11080357,88.78852081
501,81.80952381,79.48971558,80.89358723,84.04660836,79.6916275
502,73.38461538,79.62283325,78.13266594,78.07286705,78.6448288
503,76.54166667,79.65878296,78.97329809,79.70153879,79.4100647
504,71.75,72.96627808,73.4874211,75.55095732,73.66417694
505,39.5,71.61483765,72.20481721,75.15645318,72.36631012
506,78.12,79.96282959,81.03947674,82.0412324,79.04190063
507,92.60526316,98.86364746,98.85332784,89.43538578,98.23891449
508,93.03448276,99.88998413,97.417915,90.29620736,100.0801468
509,73.5,67.34970093,64.31061988,72.58043574,67.50893402
510,85.94845361,88.98144531,86.83189749,84.84012762,86.14943695
511,79.21428571,73.91253662,74.05896183,74.9954822,74.08925629
512,46.7,67.82479858,65.88089627,72.27979775,67.92321014
513,77.6,76.87924194,77.110505,79.16653087,76.86006165
514,86.11111111,82.13327026,81.90674407,82.85582412,82.27976227
515,80.22857143,79.25692749,78.81811259,80.52267344,78.2323761
516,74,78.98928833,79.77137659,81.11332357,78.98577118
517,83.29245283,83.62341309,84.77538509,83.29207184,83.73758698
518,63,69.42764282,70.16235918,72.98772462,69.75440979
519,76.95348837,76.22949219,78.3134887,83.63704017,76.77064514
520,89.33333333,86.89257813,86.21432553,86.73969719,88.18930817
521,76,75.5791626,75.72356227,77.17436266,75.50115204
522,76.27777778,74.96463013,75.01985432,76.47964127,75.28469086
523,82.23728814,84.36380005,82.9002505,84.23037154,83.65401459
524,71.58064516,70.37826538,69.90001589,73.49195763,69.88517761
525,79.01694915,76.10620117,77.19285514,78.08669685,75.90215302
526,56.71428571,68.98092651,68.80747323,72.67943373,69.2122345
527,90.17391304,80.01480103,79.84014919,80.33510574,80.38567352
528,76.59259259,69.79000854,70.20377313,73.17673458,69.639534
529,95.33928571,96.14654541,94.55505026,88.38285081,93.94474792
530,78.65,73.41900635,73.79608963,75.53554255,74.31230927
531,96.80952381,77.6986084,76.94407473,78.16421194,77.60048676
532,78.31818182,73.15197754,73.415312,74.10657496,73.30783844
533,84.20731707,78.98284912,79.97347021,84.20731929,80.40450287
534,87.98630137,85.33288574,85.18473191,84.28433603,85.03043365
535,73.07692308,73.21914673,72.69158309,74.40597145,72.11980438
536,82.625,74.63201904,74.93059356,76.36784032,75.18719482
537,65.66666667,74.5826416,74.83624685,76.57724741,75.17722321
538,83.11382114,87.89910889,86.79298128,84.6744969,88.19168854
539,84.98245614,94.26565552,94.62875294,85.38879689,93.9067688
540,67.25,74.83502197,75.06794194,76.4503513,75.46509552
541,80,68.83648682,69.35836462,72.66161357,69.22309875
542,88.49090909,81.31121826,81.18871835,84.12258803,81.38082123
543,74.18181818,71.08306885,71.74592834,74.41879892,71.73055267
544,81.09677419,85.02151489,84.60276856,82.79139413,84.45705414
545,78.34210526,74.98632813,75.07523642,76.80640531,74.59635162
546,55,71.79602051,72.39033572,74.47951823,72.45892334
547,75.4,70.81671143,70.95044655,73.56261946,70.99967194
548,88.74358974,77.41113281,77.33337891,80.66948946,76.6462326
549,83.97222222,87.22320557,86.05901539,83.44644262,86.60810089
550,79.70588235,74.36642456,74.58212395,75.77300072,74.47261047
551,75.41758242,79.23342896,78.44054519,81.85525614,78.7579422
552,80.33333333,72.54660034,73.24358577,75.42725493,73.29980469
553,80.9047619,75.11553955,74.8385089,76.1408437,75.40268707
554,85.33333333,71.30957031,71.47081565,74.02660568,71.64714813
555,66.41176471,71.35650635,71.40364987,73.63542888,71.36446381
556,86.96875,83.12692261,83.62010999,83.1355989,83.56249237
557,66.75,69.94787598,69.93246248,72.94686608,69.97953033
558,78.88235294,72.14129639,72.21939213,74.27119257,72.16699219
559,81.33333333,70.16207886,70.40172848,73.06383235,70.32627106
560,69.14285714,72.65628052,73.16326355,74.62163281,73.12808228
561,69.16666667,70.96917725,71.71830908,73.06212395,71.35671234
562,49.33333333,73.21990967,73.69241104,76.80473228,73.98264313
563,83.6,76.637146,77.02499464,79.32327534,77.3769989
564,84.68571429,84.38500977,86.60636483,86.65086355,85.80814362
565,87.36111111,86.06900024,84.60210443,83.50763873,86.01795197
566,66.68571429,69.53408813,70.25600976,73.91390816,69.61670685
567,82.32258065,79.11315918,79.94567326,79.28466766,79.21990204
568,83.63157895,78.62738037,79.77634923,81.17096782,79.07305145
569,89.45714286,85.12145996,84.52671682,84.11498981,85.58039856
570,63.40909091,70.08889771,70.17412802,73.24871207,69.85639954
571,74.10526316,73.82058716,74.03597249,74.40022326,74.08435822
572,80.72619048,84.04431152,83.83684325,82.55919865,83.27804565
573,56.5,71.65533447,72.09085957,74.64891024,72.1153183
574,79.83505155,81.52584839,81.52237386,82.7484864,80.89702606
575,80.8125,76.29907227,76.69375135,78.15086745,77.24777985
576,90.16666667,72.69161987,73.38310858,75.39657347,73.56426239
577,79.96,81.73699951,80.99299403,81.55247891,80.05269623
578,83.24137931,80.00802612,80.70624614,80.82494417,78.59302521
579,82.50666667,87.82266235,87.29743411,86.16661028,88.26190948
580,84.28378378,86.60897827,84.69823193,84.11179256,85.09348297
581,67,70.59765625,70.96261486,73.61346089,70.9580307
582,84.75,72.78219604,73.29578259,74.93081767,73.43250275
583,67.5,69.63803101,70.0373711,73.34763041,69.99629974
584,76.41666667,71.69720459,71.88494666,74.31600713,71.73862457
585,77,78.27813721,78.55356434,80.58433781,79.05155182
586,80.25,79.18643188,78.40659552,80.28577145,77.17610931
587,73.93333333,71.74783325,71.0296053,73.75399757,70.94182587
588,80.53846154,76.49447632,76.61552651,78.20921061,77.03286743
589,83.94736842,73.07171631,73.79281524,75.40596177,73.57447052
590,78.28735632,78.00112915,78.7566202,79.98922821,76.75276184
591,88,77.07836914,77.70393977,78.61506602,77.8682251
592,84.66666667,77.78167725,77.81411184,79.50494927,77.30303192
593,78.92307692,79.00588989,78.86104232,80.26820298,76.73549652
594,91.91176471,85.91088867,87.63199695,89.30703541,87.38891602
595,78,69.57254028,69.70412702,72.82275764,69.64925385
596,74.5,74.30343628,75.04662661,76.16473397,74.65950775
597,82.32967033,81.82263184,83.64481212,83.86799893,82.42333221
598,80.95918367,78.18429565,79.06024966,82.01880334,78.76981354
599,96,77.48791504,77.10988408,78.67062128,77.82671356
600,55.15,73.14379883,73.71335916,75.39872622,73.53262329
601,72.47058824,72.25598145,72.97412204,74.77301281,72.82733917
602,83.16,75.64337158,77.55726807,82.07537132,77.47490692
603,82.7,71.95788574,71.7939111,73.95860903,72.06493378
604,80.69230769,77.09185791,77.29812056,79.01304024,77.90248108
605,82.84,71.51538086,71.41151976,73.3316335,71.15764618
606,76.20338983,79.77288818,79.57843304,78.62004616,79.71735382
607,61.95,69.81155396,69.98919929,72.98397406,69.82253265
608,79.10227273,83.68966675,83.03197939,81.84847893,82.2793808
609,90.06956522,87.53878784,88.22291467,87.0406015,87.58170319
610,87.4516129,86.22167969,86.55551576,84.72646441,86.43787384
611,75.30769231,73.64761353,74.26425987,76.43847438,74.13736725
612,85.95698925,92.41384888,91.86875757,88.27291512,90.57624817
613,90.92424242,87.46469116,85.47330887,85.83294251,86.15198517
614,89.125,75.19515991,75.87579329,77.97401304,76.09160614
615,80.5,76.45031738,76.9383616,77.30113697,76.75897217
616,79.4,71.62921143,71.702517,73.85866435,71.88932037
617,80.08064516,74.39163208,74.70345252,77.26799511,73.99089813
618,78.75,74.35119629,74.57249791,76.68953005,74.80735016
619,67.66666667,70.70715332,71.1874851,73.50224924,71.11991119
620,31.16666667,70.19613647,70.77548499,73.60471409,70.82380676
621,79,75.81445313,76.45489404,76.92810787,75.99603271
622,77,73.94281006,74.35929161,76.29167875,74.5008316
623,84.09375,73.92562866,73.25253931,74.96925084,72.9438324
624,79.66666667,73.45413208,73.63490298,75.64724953,74.00283813
625,75.3559322,81.2071228,80.97280489,81.75310641,82.11521149
626,81.11392405,79.25680542,78.42423964,80.63404954,78.878685
627,66.75862069,70.22076416,72.15666987,75.09328705,70.96686554
628,77.15384615,75.94769287,76.93724766,78.88314522,76.74213409
629,85.18,82.39370728,82.45933009,81.5077587,83.37497711
630,80.33333333,71.37496948,71.730928,73.8521185,71.48697662
631,95.76068376,95.63034058,95.44968448,88.96319347,94.4615097
632,75.69090909,76.39627075,75.39173903,77.38342708,76.04579926
633,70.83333333,75.76119995,76.01065913,77.78750607,76.20088959
634,63.58333333,70.35925293,70.8871398,73.14434646,70.80417633
635,67.92857143,71.68014526,72.00906956,74.18444992,72.04724884
636,92.1,74.35110474,74.55058773,75.16982001,74.65010071
637,82.98181818,81.33740234,81.92193779,84.09690861,81.50727081
638,80.64864865,82.48016357,83.17778081,83.12998713,83.62366486
639,70.05882353,69.72613525,70.7926553,73.23218743,70.43120575
640,88.05263158,82.16821289,82.50685154,83.4336415,83.13490295
641,62.875,72.7288208,74.23179573,75.38508594,73.08161163
642,81.8,79.31445313,76.86370982,81.79985806,79.50131226
643,65.52380952,70.06478882,70.97028356,72.93040373,70.51763916
644,89.33333333,71.12133789,71.59735403,74.00662369,71.61517334
645,81.82758621,78.03186035,81.52266903,81.8277847,79.63230133
646,67.85714286,71.59738159,71.78019406,74.0597302,72.00650787
647,47.83333333,72.00900269,72.46698962,74.52443949,72.61099243
648,83.72727273,80.97085571,81.68491609,82.24704337,81.9913559
649,93,71.79931641,72.16009499,74.53433704,72.31070709
650,76.44,74.34631348,75.45319539,76.28016284,75.0329361
651,82.55238095,80.4586792,79.98024612,83.00630995,80.76572418
652,45,70.60058594,70.87464774,73.40926397,70.86145782
653,86.73076923,76.99694824,77.37459069,77.77608919,77.61943817
654,65.5,70.20422363,70.46788933,72.77375132,70.29034424
655,66.41666667,70.80532837,71.54477003,73.6970975,71.43289948
656,80.5,82.87698364,82.44190715,81.42162546,81.4796524
657,77.54166667,68.46084595,68.97401149,73.1006703,68.31543732
658,77.91666667,79.84060669,81.25538277,82.43913496,79.19635773
659,83.04424779,85.07354736,85.83342125,84.65233195,84.29607391
660,73.66666667,80.31365967,82.04652234,80.80061967,79.25582123
661,78.71929825,83.91018677,84.03833383,83.67790613,83.32369232
662,68.30769231,69.89321899,70.08796265,73.07471756,70.15885162
663,67.36842105,72.82162476,72.9504183,76.64190159,72.29769135
664,89.70588235,76.90283203,77.68338753,79.36285224,78.18624115
665,89.45454545,88.16842651,87.36406052,88.53724392,88.73642731
666,69.36363636,70.76107788,71.18357559,73.14175261,71.08592987
667,88.4,87.37588501,87.53854896,87.95246398,86.7457962
668,81.40506329,81.61380005,80.92808953,80.98162542,81.57458496
669,82.97333333,81.85546875,82.31948105,81.75131233,81.91597748
670,73.8,68.97238159,69.31597564,72.56612938,69.24753571
671,78.5,73.58999634,74.09452896,75.87865656,74.29021454
672,82.34444444,87.20562744,87.62741345,82.65497125,86.87284088
673,77.33333333,71.83563232,72.07340171,74.30010704,72.18540192
674,80.98181818,81.41088867,82.36735782,83.93021238,82.73506165
675,74.46153846,76.80938721,77.15633096,79.09707171,77.29349518
676,82,68.94741821,68.86942083,72.44018248,68.94843292
677,82,72.53027344,72.86698598,75.10421799,73.06799316
678,81.8,81.76809692,81.97756823,81.72349641,82.30169678
679,35,69.54953003,69.78472356,72.96445684,69.77376556
680,80.88,85.42236328,84.63615819,81.40142491,83.99906921
681,82.25531915,73.98208618,74.02615766,76.93144425,74.59256744
682,74.54347826,77.0793457,77.98381365,77.80198234,78.05828094
683,80.30769231,83.855896,84.65414524,84.15017921,82.29454803
684,77.60526316,72.07867432,73.40693304,75.4124058,73.21042633
685,79.16666667,78.01809692,78.92023806,80.27589703,78.65763092
686,79.94897959,78.365448,77.66905388,80.59258478,77.52968597
687,75.47619048,77.02716064,76.43318043,79.34084656,76.44625092
688,84.77777778,71.24697876,71.66846912,73.8600246,71.6853714
689,75.33333333,76.84976196,77.17297707,79.22405329,77.30077362
690,74.12280702,80.31658936,79.97272644,80.32867198,80.58914948
691,42,69.67028809,69.95445156,72.86671049,69.90912628
692,78.49295775,86.37832642,85.98107031,86.1875626,87.1644516
693,92.17647059,76.76675415,76.46320977,76.56678998,76.99549103
694,64.70588235,75.6293335,75.94887279,78.20151074,76.51741028
695,69.5,68.81176758,69.6548082,72.4772852,68.9845047
696,82,76.49621582,76.84447844,78.71179887,77.25737762
697,83.4137931,78.27807617,78.4851262,78.27740195,79.13072968
698,79.33333333,74.5118103,74.76798863,76.77209386,75.14926147
699,78.2037037,77.74569702,76.67916283,77.16355428,77.42436981
700,74.9,74.41113281,74.39263393,76.20450464,74.7621994
701,82.08433735,80.52139282,80.56778697,82.67932596,79.47174835
702,83.42201835,85.29162598,83.79927026,83.42167929,84.48116302
703,81.16,80.16168213,80.1735916,80.83574083,80.54973602
704,82.28888889,85.01296997,87.46570463,84.42232624,85.01055908
705,69.7,73.34686279,73.46254149,75.43091063,74.03408051
706,82.71428571,75.50671387,75.80219115,75.63756902,76.04949188
707,89.52336449,91.66729736,90.09278156,86.36502543,90.62434387
708,81.53333333,77.93069458,78.20456344,77.80664664,78.36704254
709,75.16666667,74.92056274,75.55703543,76.22241923,75.80512238
710,80.02564103,78.69018555,78.95430162,80.04950059,78.33100891
711,78.5,79.81188965,80.39376454,80.82134978,80.76091766
712,74.74074074,74.56872559,74.33164325,75.00206349,74.59157562
713,91.67567568,93.9654541,93.94174587,88.9550895,93.94911957
714,84.57142857,79.25881958,78.82921186,79.68911919,79.67448425
715,82.56164384,82.66390991,81.89890156,82.2704171,81.71131134
716,76.5,69.54980469,69.91258842,73.04436712,69.87232971
717,62.9047619,71.85791016,72.8111026,75.15190923,72.54048157
718,85.12359551,86.65835571,86.48842268,85.56407356,87.10068512
719,80,81.30203247,82.15053592,83.20225078,80.83753967
720,81.11111111,77.61975098,79.06343753,81.80253979,81.17005157
721,91.26086957,77.96994019,78.68064945,79.83734573,78.79192352
722,79.57142857,76.04153442,76.32384022,77.69542537,76.38813019
723,63.71428571,72.26696777,72.69108468,74.05360861,72.58003998
724,79.56818182,76.9822998,76.76819449,77.5082088,76.90357208
725,75.46341463,73.17102051,73.83142671,76.14521893,73.14914703
726,82.875,82.31750488,81.5411483,82.87473787,81.75104523
727,71.77358491,75.92810059,76.12899431,78.67162832,76.23192596
728,70.8125,70.77670288,70.34585327,73.60365351,69.90886688
729,82.37735849,87.11669922,88.32968618,84.04436959,86.13576508
730,81.18604651,83.21603394,81.30645124,82.99899553,81.57537842
731,57.71428571,66.70355225,64.70025959,72.17105831,66.75286102
732,95.5,73.61236572,73.81331529,75.5782584,74.12903595
733,89,68.93478394,69.09127356,72.53687749,68.97989655
734,46,64.91101074,56.96661596,72.59657816,64.88446808
735,75.95652174,70.79431152,71.5598577,74.2318975,71.08547974
736,88.24285714,88.23345947,88.06120163,88.24290974,90.13105011
737,75.51851852,76.07165527,76.30850456,78.00844989,75.57506561
738,92.13043478,77.78585815,77.70878916,78.86006286,78.3702774
739,70.13513514,72.26907349,72.29636171,74.82196532,72.49898529
740,60.45,71.56143188,71.99816576,73.85646711,71.57390594
741,63.875,70.82522583,70.77978807,73.17224864,70.82511139
742,85.90540541,80.77609253,83.01291079,84.17036295,81.30459595
743,56.03703704,69.38412476,70.5771298,73.34019157,69.73038483
744,71.5,73.87380981,73.73624084,77.01320494,72.42623138
745,68.73684211,71.57446289,72.64628194,73.66336074,72.39250946
746,77.4,73.62979126,74.77193534,74.96692092,73.57540894
747,83.29591837,85.66879272,87.42261638,83.29590348,85.59191895
748,91,71.86178589,72.16947954,74.28774596,72.34066772
749,72.35294118,71.94815063,71.21809521,73.81272276,71.78957367
750,75.6,72.69812012,72.99198203,74.31101718,72.99790192
751,87.87155963,83.1824646,82.58826254,84.44336917,86.45011902
752,50,70.33740234,70.71155922,73.43581923,70.76180267
753,90.11403509,94.05026245,95.01187947,87.41541999,92.35477448
754,79.77777778,70.57446289,70.90926426,72.82047452,71.04211426
755,86.25,71.33032227,71.7119412,73.73439849,71.61998749
756,93,71.02423096,71.155389,73.39064693,71.17035675
757,81.31868132,77.83810425,78.88664445,82.83025725,78.50156403
758,76.38888889,73.25115967,73.17872819,74.1001794,73.38659668
759,61.16666667,69.05276489,69.1915575,72.5292301,69.10745239
760,81.6984127,79.40963745,78.72436061,80.78981346,79.40123749
761,73,71.14239502,71.37902379,73.79564347,71.33670807
762,66.53846154,74.49319458,75.04118824,76.36288729,75.0286026
763,66.7,72.22998047,72.55430173,74.39817583,72.41208649
764,90.88181818,92.20877075,91.28032465,88.45480301,91.65059662
765,80.63513514,81.58477783,81.29789426,82.35084683,81.05905914
766,86.28318584,89.26626587,89.75961967,86.89389095,88.36024475
767,95.79220779,97.09542847,96.4161861,91.73438099,97.23400116
768,74.67857143,76.07019043,75.37333972,77.21480346,75.18084717
769,63.66666667,73.38589478,73.67077635,75.98924336,73.87927246
770,76.29032258,72.74414063,73.14490281,73.8560889,72.11675262
771,83.66666667,76.45559692,77.52942125,79.21553552,77.28525543
772,78.5,75.28872681,75.01352312,76.35387461,75.41213226
773,85.31395349,83.62924194,82.18953426,83.52006135,82.80001068
774,84.42105263,82.02667236,81.56509506,83.28553175,81.31832886
775,81.15789474,83.93911743,83.82399861,81.95855574,82.71376801
776,69,71.35528564,71.56169072,74.15362008,71.64504242
777,85.28,86.41744995,87.6574312,83.85461312,86.34567261
778,76.37037037,71.36749268,71.71993479,73.68575778,71.75934601
779,79.375,84.62384033,84.42874626,82.00724974,82.4443512
780,75.825,72.86016846,72.93554508,74.80035085,72.53629303
781,76.2,69.01248169,69.33734354,72.46102408,69.32427216
782,87.85714286,81.47338867,81.06203998,81.07208374,81.89331818
783,93.24742268,97.32015991,95.95187863,90.67773452,97.94982147
784,79.70588235,74.45202637,75.45397477,76.02289312,75.21315765
785,79.92857143,77.77908325,77.16899787,77.90507193,78.22225189
786,43,70.81777954,71.17410735,74.07777428,71.26746368
787,78,73.07424927,73.69243221,75.64365026,73.65752411
788,51.9,73.87460327,74.53294817,77.18124303,74.84600067
789,82.33333333,77.50109863,78.37146927,79.47122001,78.71741486
790,78.61176471,78.7868042,80.36313581,81.42791267,78.99390411
791,88.26785714,78.64297485,79.41552912,81.26296285,77.24745941
792,72.44827586,72.69436646,72.05721518,75.02600739,72.38860321
793,83.52702703,84.04232788,84.91213835,85.22269511,82.93579865
794,74.5,70.85516357,71.14974768,73.59746722,71.14311981
795,54.28571429,73.8664856,74.25580463,75.74045185,74.45838165
796,80.93181818,80.08840942,81.97586514,84.45599342,79.86000824
797,80.97142857,84.58963013,83.81965929,84.22830286,83.97179413
798,75,72.36071777,72.77137244,75.01452641,72.92720795
799,76.41428571,73.6348877,75.0092808,78.13837256,73.88497162
800,73.45945946,74.05889893,73.14707891,75.41745597,74.11456299
801,83.26168224,82.52398682,80.30843522,82.82535453,82.55544281
802,80.15151515,71.15402222,70.69347263,73.91070151,70.7460022
803,81.29166667,77.38671875,77.50977086,79.84069997,77.56980896
804,80.875,72.16574097,72.53511073,74.57060628,72.60230255
805,76.36708861,75.47174072,76.29637473,80.0220333,75.5308609
806,73,71.6628418,72.41294895,74.48907455,72.11673737
807,68.91666667,70.18554688,70.75680593,73.61808957,70.25814056
808,75.70422535,78.97579956,80.93929519,80.88646738,79.64212799
809,74.93617021,74.83798218,75.95059725,78.50095322,74.74868774
810,65.5,68.63796997,68.64568252,72.46627332,68.7013855
811,78,74.34533691,74.4621998,76.19954471,75.0819931
812,78.71764706,83.03945923,83.67230034,83.12516747,84.10342407
813,76.88571429,76.33346558,78.50683266,79.25953027,77.52500153
814,64.57142857,74.37283325,74.62369288,76.39703954,74.84689331
815,81.40740741,77.72467041,78.03695705,78.575665,78.27587128
816,66,70.01647949,70.30881135,73.29118289,70.32012939
817,82.57692308,80.83126831,81.22378938,82.80739581,80.07698822
818,78.54054054,76.09521484,77.00485886,77.78121751,76.4988327
819,72.28571429,74.31115723,74.82080877,76.76752206,75.18158722
820,87.8,80.14346313,80.65863094,81.25024329,80.85679626
821,83.69879518,83.67111206,84.5469266,83.29416507,85.57556915
822,80.14285714,75.58898926,77.06370542,79.33885479,77.10684967
823,87.44444444,77.40631104,77.60909393,79.47295103,78.34494781
824,75.25531915,75.12185669,75.56882554,76.50882254,75.54311371
825,78.76190476,80.81796265,81.07339801,81.29653741,79.04821014
826,82.9,74.46017456,75.11775016,76.54385514,74.66137695
827,79.50961538,78.71170044,80.16225748,82.65238241,80.77449799
828,81.07692308,89.04684448,85.11094525,82.17574041,85.87195587
829,71.95652174,74.35876465,74.94035358,76.61312739,74.86444855
830,77.33333333,69.77163696,69.92997793,73.35715271,70.09670258
831,62.33333333,70.97607422,71.09153951,73.45828809,71.07020569
832,66,69.32467651,69.7873384,72.93724681,69.6672821
833,69.375,72.61114502,72.93198645,77.37491329,71.90061188
834,45,71.40447998,71.9825002,74.32771034,71.96684265
835,55.2195122,71.41152954,71.59974497,74.83156784,70.90276337
836,86.75862069,78.25561523,78.23117834,79.46259937,78.71219635
837,72.5625,76.8444519,77.2383586,79.49842594,76.81685638
838,90.97333333,89.65170288,90.17129031,89.12552432,90.59241486
839,61.16666667,70.86889648,71.08753417,73.41300803,70.93343353
840,76.71052632,74.86907959,74.4525021,76.45704682,74.73293304
841,72.47826087,78.5267334,77.63784808,81.79108233,76.3396225
842,92.92727273,86.49203491,86.56564593,86.21486802,87.8395462
843,68.55555556,71.04873657,71.78866841,73.57242808,71.46135712
844,81.92307692,71.28170776,71.77595578,74.31622661,71.94301605
845,79.06451613,75.72372437,75.62493978,76.10018048,75.64250183
846,80.59756098,76.57937622,75.44742644,80.59712737,75.23645782
847,86.025,92.95568848,93.28182884,90.60436301,93.68422699
848,94.76190476,94.19985962,92.66230386,88.72606031,93.37261963
849,87.34782609,89.37036133,88.50945759,84.16990985,88.96736908
850,89.11111111,76.69815063,77.30404624,77.587032,77.155159
851,59.13636364,73.38275146,74.07690829,75.31417233,73.697052
852,71,73.46801758,73.92118843,76.12729686,74.26126862
853,75.40909091,78.55395508,78.88768536,82.0970283,79.22821808
854,83.69767442,81.11154175,80.93005376,81.12381261,80.31481934
855,84.63043478,78.50079346,78.46574328,81.83132471,79.24600983
856,41.66666667,68.70742798,69.13827802,72.54929828,68.95589447
857,77.01538462,80.94763184,79.4689036,80.71742718,80.58934021
858,90.37864078,95.42486572,95.60546322,90.38564171,97.04640961
859,77.37837838,80.35266113,78.55132419,81.14767084,79.57311249
860,83.27272727,77.48138428,77.58330509,78.46355214,77.99411011
861,79.26829268,72.61108398,75.55681033,78.1761162,73.82038116
862,90.16666667,74.96542358,75.33707097,77.60213393,75.65485382
863,91.1097561,90.37963867,89.42898602,87.50134438,90.94824982
864,86.30841121,90.33374023,89.26123368,85.77263985,89.63057709
865,66.85714286,71.96786499,70.43065067,73.61023262,71.45018768
866,76.25,75.79403687,75.00075565,76.51235392,76.00874329
867,87.83333333,81.90240479,82.4699319,85.13640312,82.74175262
868,89.77272727,87.83355713,88.96178278,84.82619003,88.05168915
869,79.91666667,81.73391724,82.25753735,83.05338411,81.54976654
870,91.1,75.86294556,76.01141041,77.57074467,76.36436462
871,85.2173913,74.09768677,74.36311833,75.62967265,74.72484589
872,88.21428571,75.86721802,76.62098743,78.80695058,77.16944122
873,83.53846154,81.2878418,78.41640986,82.76211468,78.37168121
874,76.85714286,74.85592651,74.97464022,76.57696115,75.48868561
875,83.23809524,76.59579468,76.04409547,79.09159661,77.00110626
876,67.4,76.37225342,76.89922929,78.7095499,77.26898956
877,77.14705882,79.32781982,79.59648865,77.63855765,78.98729706
878,78.5,69.45117188,69.68617993,72.75710648,69.71630096
879,81.98076923,77.8843689,79.27029459,80.63986671,78.80635071
880,60.07692308,71.35534668,71.7940797,73.41348798,71.75885773
881,84.54098361,81.94570923,81.36464392,82.23376071,82.38524628
882,88.32432432,92.15307617,93.01884453,90.62709785,93.24369049
883,89,74.61853027,74.77300669,76.40545843,75.13535309
884,74.86363636,80.27114868,78.81011846,78.26990919,79.87654877
885,70.48,75.25692749,76.5429212,79.17645793,75.51834869
886,75.9047619,70.01730347,71.33015348,74.3890627,70.62320709
887,74.82352941,76.96783447,76.98097528,79.06896091,78.09441376
888,82.98684211,78.87460327,80.22898721,83.0505354,80.90700531
889,90.75789474,85.24664307,86.16016352,86.55648172,83.1014328
890,66.125,69.35723877,69.95344429,73.19476836,69.77005768
891,91,68.65682983,68.88467849,72.6208295,68.61878204
892,86.61682243,83.73760986,82.99052021,84.11535158,83.90746307
893,83.11111111,75.66293335,76.10425297,77.99556012,76.22376251
894,76.18181818,73.90155029,74.29611551,76.18205406,74.58335114
895,94.42696629,96.79730225,94.87180043,88.6813075,95.83737946
896,50.16666667,68.85693359,69.27700286,72.64945667,68.96390533
897,73.1,71.38983154,71.62602068,73.46421404,71.65821075
898,31.33333333,68.14169312,68.27295815,73.5674007,67.68102264
899,80.825,76.13372803,76.03961429,76.91028188,76.26716614
900,76.84615385,70.89001465,71.10882379,73.07256954,71.38614655
901,73.66666667,80.5213623,80.4533283,82.38204222,79.95618439
902,80.16666667,73.27359009,73.5958846,75.37340709,73.84197235
903,64.95454545,71.5083313,71.51889994,73.29929211,71.29250336
904,78.29411765,70.32876587,70.4152325,75.11344897,69.88231659
905,79.25,75.6026001,75.60919455,76.78144839,76.20476532
906,87.2195122,80.99304199,81.3250838,82.05471136,82.33569336
907,62.35,72.70471191,73.13569858,74.22511411,72.96897125
908,81.9009901,86.42947388,84.82158134,83.03328425,85.39871979
909,92.3164557,98.07254028,97.48777065,91.59984142,98.3603363
910,61.28571429,75.30032349,75.74123421,76.76869633,75.75223541
911,78.24137931,74.6628418,75.3180662,77.16581859,75.42983246
912,79.03225806,85.27932739,84.56780027,82.38304575,84.2069931
913,70.8,72.30609131,72.64411534,73.5585872,72.59131622
914,90.125,72.61566162,72.94563748,74.27338857,72.84337616
915,85.30693069,87.8053894,89.22960201,85.56214282,88.3585968
916,97.12195122,100.9577637,100.6112361,88.78092183,101.2040176
917,75.31372549,79.71218872,80.57806489,80.56569132,80.76844025
918,96.8125,86.55789185,84.63446422,83.75597654,86.39175415
919,78.38,82.45150757,84.97431092,82.56749364,82.94300079
920,57.58333333,72.35675049,72.96529942,74.9334096,73.03351593
921,82.5125,81.40679932,79.29766862,78.79688267,79.78973389
922,68.5,67.56268311,63.86539448,72.27795093,67.48622894
923,84.33333333,73.09121704,73.62389615,75.80988437,73.85912323
924,86.86597938,90.40869141,90.23556408,87.84223992,88.71658325
925,65.57142857,78.23565674,78.56811287,80.11084711,76.62770844
926,73.89830508,76.96887207,78.18037324,78.44551636,77.58135986
927,75.48979592,75.52020264,76.09460875,78.05720153,76.68927765
928,85,76.8253479,77.25186558,79.02906199,77.78350067
929,81.875,82.74920654,81.7256472,81.12054265,82.94592285
930,57,71.9130249,72.34759297,74.59797098,72.52261353
931,66.70967742,70.25836182,71.61398257,74.77332085,71.04737091
932,87.66666667,72.66491699,73.16718319,74.74269773,72.95688629
933,78.04347826,73.48458862,74.81187561,76.48313709,74.21775818
934,95.64761905,96.13037109,97.28293764,90.80761693,96.13114929
935,78.1625,85.9524231,84.85222719,84.80671444,85.79470062
936,86.89565217,84.16061401,82.472956,84.17339901,84.99092865
937,87.3255814,90.18338013,86.88455117,84.82666947,88.45978546
938,91.96428571,90.55905151,90.05173309,88.45788792,91.35955048
939,80.2688172,84.44155884,84.52112765,85.67515175,84.42662048
940,90.67605634,91.38165283,90.61935657,89.78043132,91.54475403
941,96.87096774,95.27359009,94.38756499,90.69733722,95.28461456
942,68.72727273,73.84512329,74.25824816,76.2879918,74.90298462
943,86.62365591,84.14584351,85.33601947,83.61622528,84.68424988
944,88,76.27072144,76.90285558,79.02338911,77.2181015
945,80.70588235,79.92004395,78.60843005,80.66730833,79.01496124
946,76.89655172,78.86001587,77.30824706,78.50619424,77.16735077
947,79.70454545,77.50167847,79.5953631,79.28843544,77.34213257
948,66.11904762,73.32629395,74.06006905,77.18057109,73.81491852
949,69.26923077,75.84512329,76.12812105,77.36519467,77.00772858
950,80.52293578,81.09924316,81.41370239,82.84833168,83.60005951
951,71,71.24383545,71.87765828,73.78361249,71.79750061
952,61.17777778,67.65585327,69.74561856,75.24231366,68.27901459
953,82.3877551,82.1842041,82.23970239,82.38759934,83.47051239
954,68.88888889,71.92929077,72.30902541,74.72966903,72.35379791
955,80.74226804,82.22589111,81.36054629,81.56500248,81.90085602
956,65.66666667,72.47277832,72.78316305,74.53625926,72.99838257
957,85.74285714,79.10287476,79.18985569,79.37748105,80.22934723
958,75.4,70.18276978,70.56099719,73.62548427,70.42717743
959,85,73.62213135,74.15546328,76.53686694,74.44504547
960,75.6,71.52352905,71.70296228,73.6382765,71.73692322
961,68.88888889,72.3324585,72.48716009,74.10768675,72.55443573
962,93.16483516,90.34399414,88.74418706,88.2577095,90.2335434
963,68.55769231,78.0942688,76.52747096,77.92504034,77.27484894
964,87.92857143,83.3092041,84.70017692,86.27700945,84.82991791
965,81,75.74978638,76.1056661,77.73912659,76.45966339
966,72.56521739,71.02084351,70.6808974,73.26132936,70.97380066
967,82.4,72.52319336,72.64740002,74.0530652,72.58480072
968,81.9047619,80.37167358,82.71458625,83.18529262,81.15423584
969,78.51111111,77.91644287,79.32952627,83.04931218,77.30072784
970,81.87272727,84.4888916,84.95476387,88.12706027,84.87968445
971,70.625,72.47006226,73.84759159,75.5742059,73.10851288
972,71.44791667,77.80233765,77.64420136,80.33539048,76.90145111
973,90.6460177,83.67080688,83.21789052,85.49736836,87.20459747
974,75.32692308,77.04208374,76.88764127,78.50078015,77.47103119
975,85.38095238,84.24087524,84.63803821,84.30847941,85.03536224
976,86.23376623,79.41394043,79.37809432,82.67139903,79.21498871
977,79.17647059,75.93447876,76.25287909,77.79059138,76.64083099
978,87.5443038,97.45861816,97.4190756,91.71388029,98.81491852
979,83.41304348,74.83303833,74.70273946,76.47056736,73.98565674
980,90.63235294,87.01248169,87.40286481,86.91949614,89.12342834
981,87.57758621,89.29873657,90.30862509,85.24559469,89.38739777
982,67.5,72.76544189,72.72058974,75.28868715,73.01186371
983,89.02777778,90.78665161,89.19270075,87.216495,89.66436005
984,84.33333333,77.68319702,77.52407677,78.98848653,78.03644562
985,76.68333333,77.08709717,77.30354292,77.6554401,76.64177704
986,81.03030303,86.88171387,86.40778772,83.72575208,86.6272049
987,85.51428571,81.61532593,82.70353401,83.26947962,82.02449799
988,77.6,78.35125732,79.67566705,81.32297686,76.60681915
989,90.22077922,83.6842041,83.95714338,82.4270522,83.70493317
990,66,74.87106323,74.91766613,77.08598486,75.40938568
991,74,70.37179565,70.97709943,72.99795792,70.64681244
992,91,101.2521362,99.67063738,90.87867384,100.6284409
993,84.50704225,85.91131592,86.35980416,88.44470471,87.34706116
994,75.5,69.77386475,70.24643359,72.86610663,70.02854156
995,87.13793103,84.43173218,81.74306402,83.05585437,82.67194366
996,78.66666667,74.80874634,74.92718501,77.26322213,75.4029007
997,69.59090909,71.07104492,71.23534982,73.244308,71.42012024
998,76.25396825,80.7119751,80.80281838,83.29811543,80.32835388
999,72.27272727,73.99902344,74.46808751,75.23325633,73.92264557
1000,87,73.72866821,74.1710516,76.65191866,74.47554779
1001,80.0483871,85.1277771,85.14547249,87.19088705,86.18592072
1002,75.61111111,76.3059082,76.88166364,78.301118,76.96395111
1003,84,71.96246338,72.47616292,74.84968443,72.60604095
1004,81.25,81.72607422,81.97753438,81.24983635,79.89183044
1005,75,67.36572266,63.36331232,73.02849698,67.56672668
1006,78.06666667,78.61880493,80.04268901,82.2667379,79.10996246
1007,75.57894737,75.65139771,74.22640858,77.24645923,73.28768158
1008,79.27192982,79.0279541,77.45257394,82.70874603,80.51345062
1009,79.13636364,73.87228394,74.744767,76.52081904,74.41737366
1010,65,67.82147217,66.11813188,72.41972252,68.1394577
1011,84.73684211,73.96731567,74.65738632,75.81076223,74.6747818
1012,85.51960784,82.4727478,82.04954602,84.1599388,83.19820404
1013,81.79,78.29519653,77.13973912,81.78984973,79.16616058
1014,83.625,80.74563599,80.70721143,81.74323919,81.53240204
1015,73.02702703,74.87243652,75.95492029,82.769117,77.98316193
1016,75.71428571,72.48907471,72.78507514,74.42262769,72.92801666
1017,78.2,73.0362854,73.8928321,75.80750283,73.61856842
1018,90.51,95.31051636,94.64431054,88.40464631,94.71022034
1019,76.4375,80.98846436,81.46480469,81.44555209,79.291008
1020,81.8490566,79.08319092,77.81885001,78.58445246,79.06195831
1021,88.08163265,80.0519104,79.94066803,79.81353641,79.77565765
1022,72,75.7288208,77.23607652,77.56775647,76.31645203
1023,76.70212766,76.08328247,79.02158239,80.86894597,77.87594604
1024,87.83333333,77.66052246,77.22502359,78.25860039,77.89347076
1025,71.33333333,72.44143677,72.80320963,74.55420225,72.58223724
1026,71.36842105,72.67880249,72.76919002,74.98968724,73.18396759
1027,77.76785714,76.22509766,77.53976327,78.53061029,75.81745148
1028,79.26086957,73.73364258,73.23154116,76.26707453,72.0040741
1029,80.37662338,76.78842163,78.42491907,79.4434496,77.32767487
1030,73,75.35754395,75.78677233,77.99439733,76.08563995
1031,79.05263158,77.28283691,77.96403685,79.09089901,77.33033752
1032,49.2,71.38220215,71.5064447,74.32178424,71.80498505
1033,81.78651685,76.18157959,78.76807075,81.48630979,77.19886017
1034,72.67857143,71.26348877,71.26580102,73.35877176,71.54130554
1035,80.01923077,77.92141724,77.38093027,78.66030484,77.08800507
1036,56.2,68.55340576,68.90408565,72.40672247,68.82673645
1037,91.18072289,94.6418457,92.70795134,88.94039763,95.70146942
1038,61.8,71.47418213,71.33814372,75.60807191,69.99720001
1039,88.42990654,90.11279297,91.24077811,88.42983062,91.89080048
1040,90.19512195,80.86410522,81.19983451,83.50675474,81.60934448
1041,86.02857143,77.2265625,77.37731639,79.4182999,77.49033356
1042,89.30769231,77.71984863,77.60191365,78.49959242,78.40203094
1043,94.16438356,96.074646,95.45278852,90.75247654,96.28242493
1044,60.85714286,76.21392822,77.23861984,77.8606359,76.09294128
1045,29.5,71.18383789,71.64771766,74.1243595,71.75273895
1046,64.96551724,72.39682007,72.14075154,74.27556587,72.68636322
1047,72.45,70.61569214,70.31687872,72.96646904,70.05231476
